Название,цена
A Light in the Attic,Â£51.77
Tipping the Velvet,Â£53.74
Soumission,Â£50.10
Sharp Objects,Â£47.82
Sapiens: A Brief History of Humankind,Â£54.23
The Requiem Red,Â£22.65
The Dirty Little Secrets of Getting Your Dream Job,Â£33.34
"The Coming Woman: A Novel Based on the Life of the Infamous Feminist, Victoria Woodhull",Â£17.93
The Boys in the Boat: Nine Americans and Their Epic Quest for Gold at the 1936 Berlin Olympics,Â£22.60
The Black Maria,Â£52.15
"Starving Hearts (Triangular Trade Trilogy, #1)",Â£13.99
Shakespeare's Sonnets,Â£20.66
Set Me Free,Â£17.46
Scott Pilgrim's Precious Little Life (Scott Pilgrim #1),Â£52.29
Rip it Up and Start Again,Â£35.02
"Our Band Could Be Your Life: Scenes from the American Indie Underground, 1981-1991",Â£57.25
Olio,Â£23.88
Mesaerion: The Best Science Fiction Stories 1800-1849,Â£37.59
Libertarianism for Beginners,Â£51.33
It's Only the Himalayas,Â£45.17
In Her Wake,Â£12.84
How Music Works,Â£37.32
"Foolproof Preserving: A Guide to Small Batch Jams, Jellies, Pickles, Condiments, and More: A Foolproof Guide to Making Small Batch Jams, Jellies, Pickles, Condiments, and More",Â£30.52
Chase Me (Paris Nights #2),Â£25.27
Black Dust,Â£34.53
Birdsong: A Story in Pictures,Â£54.64
America's Cradle of Quarterbacks: Western Pennsylvania's Football Factory from Johnny Unitas to Joe Montana,Â£22.50
Aladdin and His Wonderful Lamp,Â£53.13
Worlds Elsewhere: Journeys Around Shakespeareâs Globe,Â£40.30
Wall and Piece,Â£44.18
The Four Agreements: A Practical Guide to Personal Freedom,Â£17.66
The Five Love Languages: How to Express Heartfelt Commitment to Your Mate,Â£31.05
The Elephant Tree,Â£23.82
The Bear and the Piano,Â£36.89
Sophie's World,Â£15.94
Penny Maybe,Â£33.29
Maude (1883-1993):She Grew Up with the country,Â£18.02
"In a Dark, Dark Wood",Â£19.63
Behind Closed Doors,Â£52.22
You can't bury them all: Poems,Â£33.63
Slow States of Collapse: Poems,Â£57.31
Reasons to Stay Alive,Â£26.41
Private Paris (Private #10),Â£47.61
#HigherSelfie: Wake Up Your Life. Free Your Soul. Find Your Tribe.,Â£23.11
Without Borders (Wanderlove #1),Â£45.07
When We Collided,Â£31.77
"We Love You, Charlie Freeman",Â£50.27
Untitled Collection: Sabbath Poems 2014,Â£14.27
"Unseen City: The Majesty of Pigeons, the Discreet Charm of Snails & Other Wonders of the Urban Wilderness",Â£44.18
Unicorn Tracks,Â£18.78
"Unbound: How Eight Technologies Made Us Human, Transformed Society, and Brought Our World to the Brink",Â£25.52
Tsubasa: WoRLD CHRoNiCLE 2 (Tsubasa WoRLD CHRoNiCLE #2),Â£16.28
Throwing Rocks at the Google Bus: How Growth Became the Enemy of Prosperity,Â£31.12
This One Summer,Â£19.49
Thirst,Â£17.27
The Torch Is Passed: A Harding Family Story,Â£19.09
The Secret of Dreadwillow Carse,Â£56.13
"The Pioneer Woman Cooks: Dinnertime: Comfort Classics, Freezer Food, 16-Minute Meals, and Other Delicious Ways to Solve Supper!",Â£56.41
The Past Never Ends,Â£56.50
The Natural History of Us (The Fine Art of Pretending #2),Â£45.22
The Nameless City (The Nameless City #1),Â£38.16
The Murder That Never Was (Forensic Instincts #5),Â£54.11
The Most Perfect Thing: Inside (and Outside) a Bird's Egg,Â£42.96
"The Mindfulness and Acceptance Workbook for Anxiety: A Guide to Breaking Free from Anxiety, Phobias, and Worry Using Acceptance and Commitment Therapy",Â£23.89
The Life-Changing Magic of Tidying Up: The Japanese Art of Decluttering and Organizing,Â£16.77
"The Inefficiency Assassin: Time Management Tactics for Working Smarter, Not Longer",Â£20.59
The Gutsy Girl: Escapades for Your Life of Epic Adventure,Â£37.13
The Electric Pencil: Drawings from Inside State Hospital No. 3,Â£56.06
The Death of Humanity: and the Case for Life,Â£58.11
"The Bulletproof Diet: Lose up to a Pound a Day, Reclaim Energy and Focus, Upgrade Your Life",Â£49.05
The Art Forger,Â£40.76
The Age of Genius: The Seventeenth Century and the Birth of the Modern Mind,Â£19.73
The Activist's Tao Te Ching: Ancient Advice for a Modern Revolution,Â£32.24
Spark Joy: An Illustrated Master Class on the Art of Organizing and Tidying Up,Â£41.83
Soul Reader,Â£39.58
Security,Â£39.25
"Saga, Volume 6 (Saga (Collected Editions) #6)",Â£25.02
"Saga, Volume 5 (Saga (Collected Editions) #5)",Â£51.04
Reskilling America: Learning to Labor in the Twenty-First Century,Â£19.83
"Rat Queens, Vol. 3: Demons (Rat Queens (Collected Editions) #11-15)",Â£50.40
"Princess Jellyfish 2-in-1 Omnibus, Vol. 01 (Princess Jellyfish 2-in-1 Omnibus #1)",Â£13.61
Princess Between Worlds (Wide-Awake Princess #5),Â£13.34
"Pop Gun War, Volume 1: Gift",Â£18.97
"Political Suicide: Missteps, Peccadilloes, Bad Calls, Backroom Hijinx, Sordid Pasts, Rotten Breaks, and Just Plain Dumb Mistakes in the Annals of American Politics",Â£36.28
Patience,Â£10.16
"Outcast, Vol. 1: A Darkness Surrounds Him (Outcast #1)",Â£15.44
orange: The Complete Collection 1 (orange: The Complete Collection #1),Â£48.41
Online Marketing for Busy Authors: A Step-By-Step Guide,Â£46.35
On a Midnight Clear,Â£14.07
Obsidian (Lux #1),Â£14.86
My Paris Kitchen: Recipes and Stories,Â£33.37
Masks and Shadows,Â£56.40
"Mama Tried: Traditional Italian Cooking for the Screwed, Crude, Vegan, and Tattooed",Â£14.02
"Lumberjanes, Vol. 2: Friendship to the Max (Lumberjanes #5-8)",Â£46.91
"Lumberjanes, Vol. 1: Beware the Kitten Holy (Lumberjanes #1-4)",Â£45.61
Lumberjanes Vol. 3: A Terrible Plan (Lumberjanes #9-12),Â£19.92
"Layered: Baking, Building, and Styling Spectacular Cakes",Â£40.11
Judo: Seven Steps to Black Belt (an Introductory Guide for Beginners),Â£53.90
Join,Â£35.67
In the Country We Love: My Family Divided,Â£22.00
Immunity: How Elie Metchnikoff Changed the Course of Modern Medicine,Â£57.36
"I Hate Fairyland, Vol. 1: Madly Ever After (I Hate Fairyland (Compilations) #1-5)",Â£29.17
I am a Hero Omnibus Volume 1,Â£54.63
How to Be Miserable: 40 Strategies You Already Use,Â£46.03
Her Backup Boyfriend (The Sorensen Family #1),Â£33.97
"Giant Days, Vol. 2 (Giant Days #5-8)",Â£22.11
Forever and Forever: The Courtship of Henry Longfellow and Fanny Appleton,Â£29.69
First and First (Five Boroughs #3),Â£15.97
Fifty Shades Darker (Fifty Shades #2),Â£21.96
Everydata: The Misinformation Hidden in the Little Data You Consume Every Day,Â£54.35
"Don't Be a Jerk: And Other Practical Advice from Dogen, Japan's Greatest Zen Master",Â£37.97
Danganronpa Volume 1,Â£51.99
Crown of Midnight (Throne of Glass #2),Â£43.29
"Codename Baboushka, Volume 1: The Conclave of Death",Â£36.72
Camp Midnight,Â£17.08
Call the Nurse: True Stories of a Country Nurse on a Scottish Isle,Â£29.14
Burning,Â£28.81
Bossypants,Â£49.46
"Bitch Planet, Vol. 1: Extraordinary Machine (Bitch Planet (Collected Editions))",Â£37.92
"Avatar: The Last Airbender: Smoke and Shadow, Part 3 (Smoke and Shadow #3)",Â£28.09
Algorithms to Live By: The Computer Science of Human Decisions,Â£30.81
A World of Flavor: Your Gluten Free Passport,Â£42.95
"A Piece of Sky, a Grain of Rice: A Memoir in Four Meditations",Â£56.76
A Murder in Time,Â£16.64
A Flight of Arrows (The Pathfinders #2),Â£55.53
A Fierce and Subtle Poison,Â£28.13
A Court of Thorns and Roses (A Court of Thorns and Roses #1),Â£52.37
(Un)Qualified: How God Uses Broken People to Do Big Things,Â£54.00
You Are What You Love: The Spiritual Power of Habit,Â£21.87
"William Shakespeare's Star Wars: Verily, A New Hope (William Shakespeare's Star Wars #4)",Â£43.30
Tuesday Nights in 1980,Â£21.04
Tracing Numbers on a Train,Â£41.60
Throne of Glass (Throne of Glass #1),Â£35.07
Thomas Jefferson and the Tripoli Pirates: The Forgotten War That Changed American History,Â£59.64
Thirteen Reasons Why,Â£52.72
The White Cat and the Monk: A Retelling of the Poem âPangur BÃ¡nâ,Â£58.08
The Wedding Dress,Â£24.12
The Vacationers,Â£42.15
The Third Wave: An Entrepreneurâs Vision of the Future,Â£12.61
The Stranger,Â£17.44
The Shadow Hero (The Shadow Hero),Â£33.14
The Secret (The Secret #1),Â£27.37
The Regional Office Is Under Attack!,Â£51.36
The Psychopath Test: A Journey Through the Madness Industry,Â£36.00
The Project,Â£10.65
The Power of Now: A Guide to Spiritual Enlightenment,Â£43.54
The Omnivore's Dilemma: A Natural History of Four Meals,Â£38.21
The Nerdy Nummies Cookbook: Sweet Treats for the Geek in All of Us,Â£37.34
The Murder of Roger Ackroyd (Hercule Poirot #4),Â£44.10
The Mistake (Off-Campus #2),Â£43.29
The Matchmaker's Playbook (Wingmen Inc. #1),Â£55.85
The Love and Lemons Cookbook: An Apple-to-Zucchini Celebration of Impromptu Cooking,Â£37.60
The Long Shadow of Small Ghosts: Murder and Memory in an American City,Â£10.97
The Kite Runner,Â£41.82
The House by the Lake,Â£36.95
The Glittering Court (The Glittering Court #1),Â£44.28
The Girl on the Train,Â£55.02
The Genius of Birds,Â£17.24
The Emerald Mystery,Â£23.15
The Cookies & Cups Cookbook: 125+ sweet & savory recipes reminding you to Always Eat Dessert First,Â£41.25
The Bridge to Consciousness: I'm Writing the Bridge Between Science and Our Old and New Beliefs.,Â£32.00
The Artist's Way: A Spiritual Path to Higher Creativity,Â£38.49
The Art of War,Â£33.34
The Argonauts,Â£10.93
The 10% Entrepreneur: Live Your Startup Dream Without Quitting Your Day Job,Â£27.55
Suddenly in Love (Lake Haven #1),Â£55.99
Something More Than This,Â£16.24
Soft Apocalypse,Â£26.12
So You've Been Publicly Shamed,Â£12.23
Shoe Dog: A Memoir by the Creator of NIKE,Â£23.99
"Shobu Samurai, Project Aryoku (#3)",Â£29.06
Secrets and Lace (Fatal Hearts #1),Â£20.27
Scarlett Epstein Hates It Here,Â£43.55
Romero and Juliet: A Tragic Tale of Love and Zombies,Â£36.94
Redeeming Love,Â£20.47
Poses for Artists Volume 1 - Dynamic and Sitting Poses: An Essential Reference for Figure Drawing and the Human Form,Â£41.06
Poems That Make Grown Women Cry,Â£14.19
"Nightingale, Sing",Â£38.28
Night Sky with Exit Wounds,Â£41.05
Mrs. Houdini,Â£30.25
