Название, цена 
None - None
None - None
None - None
None - None
None - None
None - None
None - None
None - None
None - None
None - None
None - None
None - None
None - None
None - None
None - None
None - None
None - None
None - None
None - None
None - None
None - None
None - None
None - None
None - None
None - None
None - None
None - None
None - None
None - None
None - None
None - None
None - None
None - None
None - None
None - None
None - None
None - None
None - None
None - None
None - None
None - None
None - None
None - None
None - None
None - None
None - None
None - None
None - None
None - None
None - None
None - None
None - None
None - None
None - None
None - None
None - None
None - None
None - None
None - None
None - None
None - None
None - None
None - None
None - None
None - None
None - None
None - None
None - None
None - None
None - None
None - None
None - None
None - None
None - None
None - None
None - None
None - None
None - None
None - None
None - None
None - None
None - None
None - None
None - None
None - None
None - None
None - None
None - None
None - None
None - None
None - None
None - None
None - None
None - None
None - None
None - None
None - None
None - None
None - None
None - None
None - None
None - None
None - None
None - None
None - None
None - None
None - None
None - None
None - None
None - None
None - None
None - None
None - None
None - None
None - None
None - None
None - None
None - None
None - None
None - None
None - None
None - None
None - None
None - None
None - None
None - None
None - None
None - None
None - None
None - None
None - None
None - None
None - None
None - None
None - None
None - None
None - None
None - None
None - None
None - None
None - None
None - None
None - None
None - None
None - None
None - None
None - None
None - None
None - None
None - None
None - None
None - None
None - None
None - None
None - None
None - None
None - None
None - None
None - None
None - None
None - None
None - None
None - None
None - None
None - None
None - None
None - None
None - None
None - None
None - None
None - None
None - None
None - None
None - None
None - None
None - None
None - None
None - None
None - None
None - None